Workbook

Sheet README
A1: Contractor coverage test — log and results (review M5; preview of sprint test T1)
A2: Independent case study · not commissioned by or affiliated with Clay Labs Inc. · all observations entered by hand; this workbook contains no results until the test is run
A4: Question | B4: For contractors that electrical, HVAC and plumbing distributors (NAICS 4236/4237) sell to, how often does a standard B2B database (Apollo) list a decision-maker, and how much does adding public-web sources raise that share?
A5: Why it matters | B5: The 'data your database misses' positioning (08 v2) and H3 rest on an education-based LinkedIn proxy (05) and one vendor case study (S07). This test replaces the proxy with a measured match rate.
A6: Sample frame | B6: CSLB 'List by Classification' download (S56): currently licensed California contractors in C-10, C-20, C-36. Seeded, stratified random draw (appendix/coverage_test.py sample).
A7: Protocol | B7: appendix/Coverage_Test_Protocol.md — definitions, search procedure, stopping and replacement rules, pre-registered verdict. Definitions are frozen after the 10-firm pilot.
A8: How to use | B8: 1) Run the sampler. 2) Pilot the first 10 IDs; adjust definitions only now and note changes in Definitions. 3) Work through Primary rows in ID order; use Reserve rows only to replace Skipped rows, in order, within the same stratum. 4) Re-check 15 random Done rows on a different day (Recheck sheet). 5) Read Results.
A9: Colour code | B9: Yellow = hand-entered observation. Grey-blue = formula. Blue text = input you may change (Results: z value, proxy, thresholds).
A10: Data handling | B10: Record Y/N flags and title categories only. Do not record individuals' names, emails, phone numbers or profile URLs. Business-level registry fields are public (CSLB). No automated scraping; manual lookups only, within each site's terms.

Sheet Log
A1: Log — one row per sampled contractor
A2: Columns A–H are written by the sampler. Enter observations in the yellow columns; formulas in V–Y. Status must be 'Done' for a row to count.
A3: Sample frame file: | D3: CSLBSearchData_215814037.xlsx · 52,821 licenses read · 52,821 current · 51,240 with a CA address · C-10: 26,923 · C-20: 11,387 · C-36: 17,278 | I3: Seed / draw date: | L3: seed 2026 · drawn 2026-10-20 · n 100 + 20 reserve
A5: ID | B5: Draw | C5: Stratum | D5: License # | E5: Business name (removed in public copy) | F5: City | G5: ZIP | H5: Business phone (removed in public copy) | I5: Status | J5: Website found | K5: Google Business Profile | L5: Web DM identifiable | M5: Registry person of record | N5: Apollo company record | O5: Apollo contacts listed | P5: Apollo DM listed | Q5: Apollo DM email shown available | R5: LinkedIn company page | S5: LinkedIn DM profile | T5: Minutes | U5: Notes (no personal data) | V5: Done? | W5: Apollo ∪ web DM | X5: Apollo ∪ web ∪ registry DM | Y5: Apollo ∪ LinkedIn DM | Z5: Business type (CSLB)
A6: P001 | B6: Primary | C6: C-10 | D6: 545063 | F6: NEWPORT BEACH | G6: 92658 | I6: Not started | V6: =IF(I6="Done",1,0) | W6: =IF(V6=1,IF(OR(P6="Y",L6="Y"),1,0),"") | X6: =IF(V6=1,IF(OR(P6="Y",L6="Y",M6="Y"),1,0),"") | Y6: =IF(V6=1,IF(OR(P6="Y",S6="Y"),1,0),"") | Z6: Corporation
A7: P002 | B7: Primary | C7: C-36 | D7: 888679 | F7: RIVERBANK | G7: 95367 | I7: Not started | V7: =IF(I7="Done",1,0) | W7: =IF(V7=1,IF(OR(P7="Y",L7="Y"),1,0),"") | X7: =IF(V7=1,IF(OR(P7="Y",L7="Y",M7="Y"),1,0),"") | Y7: =IF(V7=1,IF(OR(P7="Y",S7="Y"),1,0),"") | Z7: Sole Owner
A8: P003 | B8: Primary | C8: C-36 | D8: 1008227 | F8: RIVERSIDE | G8: 92513 | I8: Not started | V8: =IF(I8="Done",1,0) | W8: =IF(V8=1,IF(OR(P8="Y",L8="Y"),1,0),"") | X8: =IF(V8=1,IF(OR(P8="Y",L8="Y",M8="Y"),1,0),"") | Y8: =IF(V8=1,IF(OR(P8="Y",S8="Y"),1,0),"") | Z8: Corporation
A9: P004 | B9: Primary | C9: C-10 | D9: 1053851 | F9: BURBANK | G9: 91506 | I9: Not started | V9: =IF(I9="Done",1,0) | W9: =IF(V9=1,IF(OR(P9="Y",L9="Y"),1,0),"") | X9: =IF(V9=1,IF(OR(P9="Y",L9="Y",M9="Y"),1,0),"") | Y9: =IF(V9=1,IF(OR(P9="Y",S9="Y"),1,0),"") | Z9: Corporation
A10: P005 | B10: Primary | C10: C-10 | D10: 756502 | F10: WEST SACRAMENTO | G10: 95691 | I10: Not started | V10: =IF(I10="Done",1,0) | W10: =IF(V10=1,IF(OR(P10="Y",L10="Y"),1,0),"") | X10: =IF(V10=1,IF(OR(P10="Y",L10="Y",M10="Y"),1,0),"") | Y10: =IF(V10=1,IF(OR(P10="Y",S10="Y"),1,0),"") | Z10: Partnership
A11: P006 | B11: Primary | C11: C-10 | D11: 1110897 | F11: LOS ANGELES | G11: 90023 | I11: Not started | V11: =IF(I11="Done",1,0) | W11: =IF(V11=1,IF(OR(P11="Y",L11="Y"),1,0),"") | X11: =IF(V11=1,IF(OR(P11="Y",L11="Y",M11="Y"),1,0),"") | Y11: =IF(V11=1,IF(OR(P11="Y",S11="Y"),1,0),"") | Z11: Corporation
A12: P007 | B12: Primary | C12: C-10 | D12: 867414 | F12: CHINO HILLS | G12: 91709 | I12: Not started | V12: =IF(I12="Done",1,0) | W12: =IF(V12=1,IF(OR(P12="Y",L12="Y"),1,0),"") | X12: =IF(V12=1,IF(OR(P12="Y",L12="Y",M12="Y"),1,0),"") | Y12: =IF(V12=1,IF(OR(P12="Y",S12="Y"),1,0),"") | Z12: Corporation
A13: P008 | B13: Primary | C13: C-36 | D13: 950494 | F13: COLTON | G13: 92324 | I13: Not started | V13: =IF(I13="Done",1,0) | W13: =IF(V13=1,IF(OR(P13="Y",L13="Y"),1,0),"") | X13: =IF(V13=1,IF(OR(P13="Y",L13="Y",M13="Y"),1,0),"") | Y13: =IF(V13=1,IF(OR(P13="Y",S13="Y"),1,0),"") | Z13: Limited Liability
A14: P009 | B14: Primary | C14: C-10 | D14: 1135579 | F14: SACRAMENTO | G14: 95816 | I14: Not started | V14: =IF(I14="Done",1,0) | W14: =IF(V14=1,IF(OR(P14="Y",L14="Y"),1,0),"") | X14: =IF(V14=1,IF(OR(P14="Y",L14="Y",M14="Y"),1,0),"") | Y14: =IF(V14=1,IF(OR(P14="Y",S14="Y"),1,0),"") | Z14: Limited Liability
A15: P010 | B15: Primary | C15: C-20 | D15: 899054 | F15: CULVER CITY | G15: 90231 | I15: Not started | V15: =IF(I15="Done",1,0) | W15: =IF(V15=1,IF(OR(P15="Y",L15="Y"),1,0),"") | X15: =IF(V15=1,IF(OR(P15="Y",L15="Y",M15="Y"),1,0),"") | Y15: =IF(V15=1,IF(OR(P15="Y",S15="Y"),1,0),"") | Z15: Corporation
A16: P011 | B16: Primary | C16: C-10 | D16: 659468 | F16: BEVERLY HILLS | G16: 90212 | I16: Not started | V16: =IF(I16="Done",1,0) | W16: =IF(V16=1,IF(OR(P16="Y",L16="Y"),1,0),"") | X16: =IF(V16=1,IF(OR(P16="Y",L16="Y",M16="Y"),1,0),"") | Y16: =IF(V16=1,IF(OR(P16="Y",S16="Y"),1,0),"") | Z16: Sole Owner
A17: P012 | B17: Primary | C17: C-10 | D17: 996746 | F17: SACRAMENTO | G17: 95820 | I17: Not started | V17: =IF(I17="Done",1,0) | W17: =IF(V17=1,IF(OR(P17="Y",L17="Y"),1,0),"") | X17: =IF(V17=1,IF(OR(P17="Y",L17="Y",M17="Y"),1,0),"") | Y17: =IF(V17=1,IF(OR(P17="Y",S17="Y"),1,0),"") | Z17: Sole Owner
... A125: R120 | B125: Reserve | C125: C-36 | D125: 539285 | F125: ANAHEIM | G125: 92804 | I125: Not started | V125: =IF(I125="Done",1,0) | W125: =IF(V125=1,IF(OR(P125="Y",L125="Y"),1,0),"") | X125: =IF(V125=1,IF(OR(P125="Y",L125="Y",M125="Y"),1,0),"") | Y125: =IF(V125=1,IF(OR(P125="Y",S125="Y"),1,0),"") | Z125: Sole Owner

Sheet Results
A1: Results — live from Log (share of Done rows; Wilson 95% intervals)
A2: Empty until rows are marked Done. Rates are for currently licensed California C-10/C-20/C-36 contractors; they are not national estimates.
A3: z (95%) | B3: 1.96 | C3: LinkedIn proxy used in 05/06 (contractor personas) | F3: 0.2 | G3: Minimum n for a verdict | I3: 60
A5: Metric | B5: Definition | C5: All rate | D5: All low | E5: All high | F5: C-10 rate | G5: C-10 low | H5: C-10 high | I5: C-20 rate | J5: C-20 low | K5: C-20 high | L5: C-36 rate | M5: C-36 low | N5: C-36 high
A6: Firms completed (n) | B6: Status = Done | C6: =COUNTIFS(Log!$I$6:$I$125,"Done") | F6: =COUNTIFS(Log!$I$6:$I$125,"Done",Log!$C$6:$C$125,"C-10") | I6: =COUNTIFS(Log!$I$6:$I$125,"Done",Log!$C$6:$C$125,"C-20") | L6: =COUNTIFS(Log!$I$6:$I$125,"Done",Log!$C$6:$C$125,"C-36")
A7: Skipped share | B7: Skipped ÷ (Done + Skipped) — closed or unidentifiable firms | C7: =IFERROR(COUNTIFS(Log!$I$6:$I$125,"Skipped*")/(COUNTIFS(Log!$I$6:$I$125,"Skipped*")+C6),"") | F7: =IFERROR(COUNTIFS(Log!$I$6:$I$125,"Skipped*",Log!$C$6:$C$125,"C-10")/(COUNTIFS(Log!$I$6:$I$125,"Skipped*",Log!$C$6:$C$125,"C-10")+F6),"") | I7: =IFERROR(COUNTIFS(Log!$I$6:$I$125,"Skipped*",Log!$C$6:$C$125,"C-20")/(COUNTIFS(Log!$I$6:$I$125,"Skipped*",Log!$C$6:$C$125,"C-20")+I6),"") | L7: =IFERROR(COUNTIFS(Log!$I$6:$I$125,"Skipped*",Log!$C$6:$C$125,"C-36")/(COUNTIFS(Log!$I$6:$I$125,"Skipped*",Log!$C$6:$C$125,"C-36")+L6),"")
A9: Apollo company record | B9: Apollo has an organization record matching the firm | C9: =IFERROR(COUNTIFS(Log!$I$6:$I$125,"Done",Log!$N$6:$N$125,"Y")/C$6,"") | D9: =IFERROR(MAX(0,(C9+$B$3^2/(2*C$6))/(1+$B$3^2/C$6)-($B$3*SQRT(C9*(1-C9)/C$6+$B$3^2/(4*C$6^2)))/(1+$B$3^2/C$6)),"") | E9: =IFERROR(MIN(1,(C9+$B$3^2/(2*C$6))/(1+$B$3^2/C$6)+($B$3*SQRT(C9*(1-C9)/C$6+$B$3^2/(4*C$6^2)))/(1+$B$3^2/C$6)),"") | F9: =IFERROR(COUNTIFS(Log!$I$6:$I$125,"Done",Log!$N$6:$N$125,"Y",Log!$C$6:$C$125,"C-10")/F$6,"") | G9: =IFERROR(MAX(0,(F9+$B$3^2/(2*F$6))/(1+$B$3^2/F$6)-($B$3*SQRT(F9*(1-F9)/F$6+$B$3^2/(4*F$6^2)))/(1+$B$3^2/F$6)),"") | H9: =IFERROR(MIN(1,(F9+$B$3^2/(2*F$6))/(1+$B$3^2/F$6)+($B$3*SQRT(F9*(1-F9)/F$6+$B$3^2/(4*F$6^2)))/(1+$B$3^2/F$6)),"") | I9: =IFERROR(COUNTIFS(Log!$I$6:$I$125,"Done",Log!$N$6:$N$125,"Y",Log!$C$6:$C$125,"C-20")/I$6,"") | J9: =IFERROR(MAX(0,(I9+$B$3^2/(2*I$6))/(1+$B$3^2/I$6)-($B$3*SQRT(I9*(1-I9)/I$6+$B$3^2/(4*I$6^2)))/(1+$B$3^2/I$6)),"") | K9: =IFERROR(MIN(1,(I9+$B$3^2/(2*I$6))/(1+$B$3^2/I$6)+($B$3*SQRT(I9*(1-I9)/I$6+$B$3^2/(4*I$6^2)))/(1+$B$3^2/I$6)),"") | L9: =IFERROR(COUNTIFS(Log!$I$6:$I$125,"Done",Log!$N$6:$N$125,"Y",Log!$C$6:$C$125,"C-36")/L$6,"") | M9: =IFERROR(MAX(0,(L9+$B$3^2/(2*L$6))/(1+$B$3^2/L$6)-($B$3*SQRT(L9*(1-L9)/L$6+$B$3^2/(4*L$6^2)))/(1+$B$3^2/L$6)),"") | N9: =IFERROR(MIN(1,(L9+$B$3^2/(2*L$6))/(1+$B$3^2/L$6)+($B$3*SQRT(L9*(1-L9)/L$6+$B$3^2/(4*L$6^2)))/(1+$B$3^2/L$6)),"")
A10: Apollo decision-maker listed [primary] | B10: Apollo lists ≥ 1 named contact with a DM title at the firm | C10: =IFERROR(COUNTIFS(Log!$I$6:$I$125,"Done",Log!$P$6:$P$125,"Y")/C$6,"") | D10: =IFERROR(MAX(0,(C10+$B$3^2/(2*C$6))/(1+$B$3^2/C$6)-($B$3*SQRT(C10*(1-C10)/C$6+$B$3^2/(4*C$6^2)))/(1+$B$3^2/C$6)),"") | E10: =IFERROR(MIN(1,(C10+$B$3^2/(2*C$6))/(1+$B$3^2/C$6)+($B$3*SQRT(C10*(1-C10)/C$6+$B$3^2/(4*C$6^2)))/(1+$B$3^2/C$6)),"") | F10: =IFERROR(COUNTIFS(Log!$I$6:$I$125,"Done",Log!$P$6:$P$125,"Y",Log!$C$6:$C$125,"C-10")/F$6,"") | G10: =IFERROR(MAX(0,(F10+$B$3^2/(2*F$6))/(1+$B$3^2/F$6)-($B$3*SQRT(F10*(1-F10)/F$6+$B$3^2/(4*F$6^2)))/(1+$B$3^2/F$6)),"") | H10: =IFERROR(MIN(1,(F10+$B$3^2/(2*F$6))/(1+$B$3^2/F$6)+($B$3*SQRT(F10*(1-F10)/F$6+$B$3^2/(4*F$6^2)))/(1+$B$3^2/F$6)),"") | I10: =IFERROR(COUNTIFS(Log!$I$6:$I$125,"Done",Log!$P$6:$P$125,"Y",Log!$C$6:$C$125,"C-20")/I$6,"") | J10: =IFERROR(MAX(0,(I10+$B$3^2/(2*I$6))/(1+$B$3^2/I$6)-($B$3*SQRT(I10*(1-I10)/I$6+$B$3^2/(4*I$6^2)))/(1+$B$3^2/I$6)),"") | K10: =IFERROR(MIN(1,(I10+$B$3^2/(2*I$6))/(1+$B$3^2/I$6)+($B$3*SQRT(I10*(1-I10)/I$6+$B$3^2/(4*I$6^2)))/(1+$B$3^2/I$6)),"") | L10: =IFERROR(COUNTIFS(Log!$I$6:$I$125,"Done",Log!$P$6:$P$125,"Y",Log!$C$6:$C$125,"C-36")/L$6,"") | M10: =IFERROR(MAX(0,(L10+$B$3^2/(2*L$6))/(1+$B$3^2/L$6)-($B$3*SQRT(L10*(1-L10)/L$6+$B$3^2/(4*L$6^2)))/(1+$B$3^2/L$6)),"") | N10: =IFERROR(MIN(1,(L10+$B$3^2/(2*L$6))/(1+$B$3^2/L$6)+($B$3*SQRT(L10*(1-L10)/L$6+$B$3^2/(4*L$6^2)))/(1+$B$3^2/L$6)),"")
A11: Apollo DM email shown available | B11: Apollo indicates an email is available for that DM (not revealed) | C11: =IFERROR(COUNTIFS(Log!$I$6:$I$125,"Done",Log!$Q$6:$Q$125,"Y")/C$6,"") | D11: =IFERROR(MAX(0,(C11+$B$3^2/(2*C$6))/(1+$B$3^2/C$6)-($B$3*SQRT(C11*(1-C11)/C$6+$B$3^2/(4*C$6^2)))/(1+$B$3^2/C$6)),"") | E11: =IFERROR(MIN(1,(C11+$B$3^2/(2*C$6))/(1+$B$3^2/C$6)+($B$3*SQRT(C11*(1-C11)/C$6+$B$3^2/(4*C$6^2)))/(1+$B$3^2/C$6)),"") | F11: =IFERROR(COUNTIFS(Log!$I$6:$I$125,"Done",Log!$Q$6:$Q$125,"Y",Log!$C$6:$C$125,"C-10")/F$6,"") | G11: =IFERROR(MAX(0,(F11+$B$3^2/(2*F$6))/(1+$B$3^2/F$6)-($B$3*SQRT(F11*(1-F11)/F$6+$B$3^2/(4*F$6^2)))/(1+$B$3^2/F$6)),"") | H11: =IFERROR(MIN(1,(F11+$B$3^2/(2*F$6))/(1+$B$3^2/F$6)+($B$3*SQRT(F11*(1-F11)/F$6+$B$3^2/(4*F$6^2)))/(1+$B$3^2/F$6)),"") | I11: =IFERROR(COUNTIFS(Log!$I$6:$I$125,"Done",Log!$Q$6:$Q$125,"Y",Log!$C$6:$C$125,"C-20")/I$6,"") | J11: =IFERROR(MAX(0,(I11+$B$3^2/(2*I$6))/(1+$B$3^2/I$6)-($B$3*SQRT(I11*(1-I11)/I$6+$B$3^2/(4*I$6^2)))/(1+$B$3^2/I$6)),"") | K11: =IFERROR(MIN(1,(I11+$B$3^2/(2*I$6))/(1+$B$3^2/I$6)+($B$3*SQRT(I11*(1-I11)/I$6+$B$3^2/(4*I$6^2)))/(1+$B$3^2/I$6)),"") | L11: =IFERROR(COUNTIFS(Log!$I$6:$I$125,"Done",Log!$Q$6:$Q$125,"Y",Log!$C$6:$C$125,"C-36")/L$6,"") | M11: =IFERROR(MAX(0,(L11+$B$3^2/(2*L$6))/(1+$B$3^2/L$6)-($B$3*SQRT(L11*(1-L11)/L$6+$B$3^2/(4*L$6^2)))/(1+$B$3^2/L$6)),"") | N11: =IFERROR(MIN(1,(L11+$B$3^2/(2*L$6))/(1+$B$3^2/L$6)+($B$3*SQRT(L11*(1-L11)/L$6+$B$3^2/(4*L$6^2)))/(1+$B$3^2/L$6)),"")
A12: LinkedIn company page | B12: Firm has a LinkedIn company page | C12: =IFERROR(COUNTIFS(Log!$I$6:$I$125,"Done",Log!$R$6:$R$125,"Y")/C$6,"") | D12: =IFERROR(MAX(0,(C12+$B$3^2/(2*C$6))/(1+$B$3^2/C$6)-($B$3*SQRT(C12*(1-C12)/C$6+$B$3^2/(4*C$6^2)))/(1+$B$3^2/C$6)),"") | E12: =IFERROR(MIN(1,(C12+$B$3^2/(2*C$6))/(1+$B$3^2/C$6)+($B$3*SQRT(C12*(1-C12)/C$6+$B$3^2/(4*C$6^2)))/(1+$B$3^2/C$6)),"") | F12: =IFERROR(COUNTIFS(Log!$I$6:$I$125,"Done",Log!$R$6:$R$125,"Y",Log!$C$6:$C$125,"C-10")/F$6,"") | G12: =IFERROR(MAX(0,(F12+$B$3^2/(2*F$6))/(1+$B$3^2/F$6)-($B$3*SQRT(F12*(1-F12)/F$6+$B$3^2/(4*F$6^2)))/(1+$B$3^2/F$6)),"") | H12: =IFERROR(MIN(1,(F12+$B$3^2/(2*F$6))/(1+$B$3^2/F$6)+($B$3*SQRT(F12*(1-F12)/F$6+$B$3^2/(4*F$6^2)))/(1+$B$3^2/F$6)),"") | I12: =IFERROR(COUNTIFS(Log!$I$6:$I$125,"Done",Log!$R$6:$R$125,"Y",Log!$C$6:$C$125,"C-20")/I$6,"") | J12: =IFERROR(MAX(0,(I12+$B$3^2/(2*I$6))/(1+$B$3^2/I$6)-($B$3*SQRT(I12*(1-I12)/I$6+$B$3^2/(4*I$6^2)))/(1+$B$3^2/I$6)),"") | K12: =IFERROR(MIN(1,(I12+$B$3^2/(2*I$6))/(1+$B$3^2/I$6)+($B$3*SQRT(I12*(1-I12)/I$6+$B$3^2/(4*I$6^2)))/(1+$B$3^2/I$6)),"") | L12: =IFERROR(COUNTIFS(Log!$I$6:$I$125,"Done",Log!$R$6:$R$125,"Y",Log!$C$6:$C$125,"C-36")/L$6,"") | M12: =IFERROR(MAX(0,(L12+$B$3^2/(2*L$6))/(1+$B$3^2/L$6)-($B$3*SQRT(L12*(1-L12)/L$6+$B$3^2/(4*L$6^2)))/(1+$B$3^2/L$6)),"") | N12: =IFERROR(MIN(1,(L12+$B$3^2/(2*L$6))/(1+$B$3^2/L$6)+($B$3*SQRT(L12*(1-L12)/L$6+$B$3^2/(4*L$6^2)))/(1+$B$3^2/L$6)),"")
A13: LinkedIn decision-maker profile | B13: ≥ 1 LinkedIn profile names the firm as current employer with a DM title | C13: =IFERROR(COUNTIFS(Log!$I$6:$I$125,"Done",Log!$S$6:$S$125,"Y")/C$6,"") | D13: =IFERROR(MAX(0,(C13+$B$3^2/(2*C$6))/(1+$B$3^2/C$6)-($B$3*SQRT(C13*(1-C13)/C$6+$B$3^2/(4*C$6^2)))/(1+$B$3^2/C$6)),"") | E13: =IFERROR(MIN(1,(C13+$B$3^2/(2*C$6))/(1+$B$3^2/C$6)+($B$3*SQRT(C13*(1-C13)/C$6+$B$3^2/(4*C$6^2)))/(1+$B$3^2/C$6)),"") | F13: =IFERROR(COUNTIFS(Log!$I$6:$I$125,"Done",Log!$S$6:$S$125,"Y",Log!$C$6:$C$125,"C-10")/F$6,"") | G13: =IFERROR(MAX(0,(F13+$B$3^2/(2*F$6))/(1+$B$3^2/F$6)-($B$3*SQRT(F13*(1-F13)/F$6+$B$3^2/(4*F$6^2)))/(1+$B$3^2/F$6)),"") | H13: =IFERROR(MIN(1,(F13+$B$3^2/(2*F$6))/(1+$B$3^2/F$6)+($B$3*SQRT(F13*(1-F13)/F$6+$B$3^2/(4*F$6^2)))/(1+$B$3^2/F$6)),"") | I13: =IFERROR(COUNTIFS(Log!$I$6:$I$125,"Done",Log!$S$6:$S$125,"Y",Log!$C$6:$C$125,"C-20")/I$6,"") | J13: =IFERROR(MAX(0,(I13+$B$3^2/(2*I$6))/(1+$B$3^2/I$6)-($B$3*SQRT(I13*(1-I13)/I$6+$B$3^2/(4*I$6^2)))/(1+$B$3^2/I$6)),"") | K13: =IFERROR(MIN(1,(I13+$B$3^2/(2*I$6))/(1+$B$3^2/I$6)+($B$3*SQRT(I13*(1-I13)/I$6+$B$3^2/(4*I$6^2)))/(1+$B$3^2/I$6)),"") | L13: =IFERROR(COUNTIFS(Log!$I$6:$I$125,"Done",Log!$S$6:$S$125,"Y",Log!$C$6:$C$125,"C-36")/L$6,"") | M13: =IFERROR(MAX(0,(L13+$B$3^2/(2*L$6))/(1+$B$3^2/L$6)-($B$3*SQRT(L13*(1-L13)/L$6+$B$3^2/(4*L$6^2)))/(1+$B$3^2/L$6)),"") | N13: =IFERROR(MIN(1,(L13+$B$3^2/(2*L$6))/(1+$B$3^2/L$6)+($B$3*SQRT(L13*(1-L13)/L$6+$B$3^2/(4*L$6^2)))/(1+$B$3^2/L$6)),"")
A14: Website found | B14: Firm's own website located | C14: =IFERROR(COUNTIFS(Log!$I$6:$I$125,"Done",Log!$J$6:$J$125,"Y")/C$6,"") | D14: =IFERROR(MAX(0,(C14+$B$3^2/(2*C$6))/(1+$B$3^2/C$6)-($B$3*SQRT(C14*(1-C14)/C$6+$B$3^2/(4*C$6^2)))/(1+$B$3^2/C$6)),"") | E14: =IFERROR(MIN(1,(C14+$B$3^2/(2*C$6))/(1+$B$3^2/C$6)+($B$3*SQRT(C14*(1-C14)/C$6+$B$3^2/(4*C$6^2)))/(1+$B$3^2/C$6)),"") | F14: =IFERROR(COUNTIFS(Log!$I$6:$I$125,"Done",Log!$J$6:$J$125,"Y",Log!$C$6:$C$125,"C-10")/F$6,"") | G14: =IFERROR(MAX(0,(F14+$B$3^2/(2*F$6))/(1+$B$3^2/F$6)-($B$3*SQRT(F14*(1-F14)/F$6+$B$3^2/(4*F$6^2)))/(1+$B$3^2/F$6)),"") | H14: =IFERROR(MIN(1,(F14+$B$3^2/(2*F$6))/(1+$B$3^2/F$6)+($B$3*SQRT(F14*(1-F14)/F$6+$B$3^2/(4*F$6^2)))/(1+$B$3^2/F$6)),"") | I14: =IFERROR(COUNTIFS(Log!$I$6:$I$125,"Done",Log!$J$6:$J$125,"Y",Log!$C$6:$C$125,"C-20")/I$6,"") | J14: =IFERROR(MAX(0,(I14+$B$3^2/(2*I$6))/(1+$B$3^2/I$6)-($B$3*SQRT(I14*(1-I14)/I$6+$B$3^2/(4*I$6^2)))/(1+$B$3^2/I$6)),"") | K14: =IFERROR(MIN(1,(I14+$B$3^2/(2*I$6))/(1+$B$3^2/I$6)+($B$3*SQRT(I14*(1-I14)/I$6+$B$3^2/(4*I$6^2)))/(1+$B$3^2/I$6)),"") | L14: =IFERROR(COUNTIFS(Log!$I$6:$I$125,"Done",Log!$J$6:$J$125,"Y",Log!$C$6:$C$125,"C-36")/L$6,"") | M14: =IFERROR(MAX(0,(L14+$B$3^2/(2*L$6))/(1+$B$3^2/L$6)-($B$3*SQRT(L14*(1-L14)/L$6+$B$3^2/(4*L$6^2)))/(1+$B$3^2/L$6)),"") | N14: =IFERROR(MIN(1,(L14+$B$3^2/(2*L$6))/(1+$B$3^2/L$6)+($B$3*SQRT(L14*(1-L14)/L$6+$B$3^2/(4*L$6^2)))/(1+$B$3^2/L$6)),"")
A15: Google Business Profile | B15: Firm has a Google Maps / Business Profile | C15: =IFERROR(COUNTIFS(Log!$I$6:$I$125,"Done",Log!$K$6:$K$125,"Y")/C$6,"") | D15: =IFERROR(MAX(0,(C15+$B$3^2/(2*C$6))/(1+$B$3^2/C$6)-($B$3*SQRT(C15*(1-C15)/C$6+$B$3^2/(4*C$6^2)))/(1+$B$3^2/C$6)),"") | E15: =IFERROR(MIN(1,(C15+$B$3^2/(2*C$6))/(1+$B$3^2/C$6)+($B$3*SQRT(C15*(1-C15)/C$6+$B$3^2/(4*C$6^2)))/(1+$B$3^2/C$6)),"") | F15: =IFERROR(COUNTIFS(Log!$I$6:$I$125,"Done",Log!$K$6:$K$125,"Y",Log!$C$6:$C$125,"C-10")/F$6,"") | G15: =IFERROR(MAX(0,(F15+$B$3^2/(2*F$6))/(1+$B$3^2/F$6)-($B$3*SQRT(F15*(1-F15)/F$6+$B$3^2/(4*F$6^2)))/(1+$B$3^2/F$6)),"") | H15: =IFERROR(MIN(1,(F15+$B$3^2/(2*F$6))/(1+$B$3^2/F$6)+($B$3*SQRT(F15*(1-F15)/F$6+$B$3^2/(4*F$6^2)))/(1+$B$3^2/F$6)),"") | I15: =IFERROR(COUNTIFS(Log!$I$6:$I$125,"Done",Log!$K$6:$K$125,"Y",Log!$C$6:$C$125,"C-20")/I$6,"") | J15: =IFERROR(MAX(0,(I15+$B$3^2/(2*I$6))/(1+$B$3^2/I$6)-($B$3*SQRT(I15*(1-I15)/I$6+$B$3^2/(4*I$6^2)))/(1+$B$3^2/I$6)),"") | K15: =IFERROR(MIN(1,(I15+$B$3^2/(2*I$6))/(1+$B$3^2/I$6)+($B$3*SQRT(I15*(1-I15)/I$6+$B$3^2/(4*I$6^2)))/(1+$B$3^2/I$6)),"") | L15: =IFERROR(COUNTIFS(Log!$I$6:$I$125,"Done",Log!$K$6:$K$125,"Y",Log!$C$6:$C$125,"C-36")/L$6,"") | M15: =IFERROR(MAX(0,(L15+$B$3^2/(2*L$6))/(1+$B$3^2/L$6)-($B$3*SQRT(L15*(1-L15)/L$6+$B$3^2/(4*L$6^2)))/(1+$B$3^2/L$6)),"") | N15: =IFERROR(MIN(1,(L15+$B$3^2/(2*L$6))/(1+$B$3^2/L$6)+($B$3*SQRT(L15*(1-L15)/L$6+$B$3^2/(4*L$6^2)))/(1+$B$3^2/L$6)),"")
A16: Web DM identifiable | B16: DM name + role identifiable on website or Google profile | C16: =IFERROR(COUNTIFS(Log!$I$6:$I$125,"Done",Log!$L$6:$L$125,"Y")/C$6,"") | D16: =IFERROR(MAX(0,(C16+$B$3^2/(2*C$6))/(1+$B$3^2/C$6)-($B$3*SQRT(C16*(1-C16)/C$6+$B$3^2/(4*C$6^2)))/(1+$B$3^2/C$6)),"") | E16: =IFERROR(MIN(1,(C16+$B$3^2/(2*C$6))/(1+$B$3^2/C$6)+($B$3*SQRT(C16*(1-C16)/C$6+$B$3^2/(4*C$6^2)))/(1+$B$3^2/C$6)),"") | F16: =IFERROR(COUNTIFS(Log!$I$6:$I$125,"Done",Log!$L$6:$L$125,"Y",Log!$C$6:$C$125,"C-10")/F$6,"") | G16: =IFERROR(MAX(0,(F16+$B$3^2/(2*F$6))/(1+$B$3^2/F$6)-($B$3*SQRT(F16*(1-F16)/F$6+$B$3^2/(4*F$6^2)))/(1+$B$3^2/F$6)),"") | H16: =IFERROR(MIN(1,(F16+$B$3^2/(2*F$6))/(1+$B$3^2/F$6)+($B$3*SQRT(F16*(1-F16)/F$6+$B$3^2/(4*F$6^2)))/(1+$B$3^2/F$6)),"") | I16: =IFERROR(COUNTIFS(Log!$I$6:$I$125,"Done",Log!$L$6:$L$125,"Y",Log!$C$6:$C$125,"C-20")/I$6,"") | J16: =IFERROR(MAX(0,(I16+$B$3^2/(2*I$6))/(1+$B$3^2/I$6)-($B$3*SQRT(I16*(1-I16)/I$6+$B$3^2/(4*I$6^2)))/(1+$B$3^2/I$6)),"") | K16: =IFERROR(MIN(1,(I16+$B$3^2/(2*I$6))/(1+$B$3^2/I$6)+($B$3*SQRT(I16*(1-I16)/I$6+$B$3^2/(4*I$6^2)))/(1+$B$3^2/I$6)),"") | L16: =IFERROR(COUNTIFS(Log!$I$6:$I$125,"Done",Log!$L$6:$L$125,"Y",Log!$C$6:$C$125,"C-36")/L$6,"") | M16: =IFERROR(MAX(0,(L16+$B$3^2/(2*L$6))/(1+$B$3^2/L$6)-($B$3*SQRT(L16*(1-L16)/L$6+$B$3^2/(4*L$6^2)))/(1+$B$3^2/L$6)),"") | N16: =IFERROR(MIN(1,(L16+$B$3^2/(2*L$6))/(1+$B$3^2/L$6)+($B$3*SQRT(L16*(1-L16)/L$6+$B$3^2/(4*L$6^2)))/(1+$B$3^2/L$6)),"")
A17: Registry person of record | B17: CSLB license detail lists a qualifier / officer / owner | C17: =IFERROR(COUNTIFS(Log!$I$6:$I$125,"Done",Log!$M$6:$M$125,"Y")/C$6,"") | D17: =IFERROR(MAX(0,(C17+$B$3^2/(2*C$6))/(1+$B$3^2/C$6)-($B$3*SQRT(C17*(1-C17)/C$6+$B$3^2/(4*C$6^2)))/(1+$B$3^2/C$6)),"") | E17: =IFERROR(MIN(1,(C17+$B$3^2/(2*C$6))/(1+$B$3^2/C$6)+($B$3*SQRT(C17*(1-C17)/C$6+$B$3^2/(4*C$6^2)))/(1+$B$3^2/C$6)),"") | F17: =IFERROR(COUNTIFS(Log!$I$6:$I$125,"Done",Log!$M$6:$M$125,"Y",Log!$C$6:$C$125,"C-10")/F$6,"") | G17: =IFERROR(MAX(0,(F17+$B$3^2/(2*F$6))/(1+$B$3^2/F$6)-($B$3*SQRT(F17*(1-F17)/F$6+$B$3^2/(4*F$6^2)))/(1+$B$3^2/F$6)),"") | H17: =IFERROR(MIN(1,(F17+$B$3^2/(2*F$6))/(1+$B$3^2/F$6)+($B$3*SQRT(F17*(1-F17)/F$6+$B$3^2/(4*F$6^2)))/(1+$B$3^2/F$6)),"") | I17: =IFERROR(COUNTIFS(Log!$I$6:$I$125,"Done",Log!$M$6:$M$125,"Y",Log!$C$6:$C$125,"C-20")/I$6,"") | J17: =IFERROR(MAX(0,(I17+$B$3^2/(2*I$6))/(1+$B$3^2/I$6)-($B$3*SQRT(I17*(1-I17)/I$6+$B$3^2/(4*I$6^2)))/(1+$B$3^2/I$6)),"") | K17: =IFERROR(MIN(1,(I17+$B$3^2/(2*I$6))/(1+$B$3^2/I$6)+($B$3*SQRT(I17*(1-I17)/I$6+$B$3^2/(4*I$6^2)))/(1+$B$3^2/I$6)),"") | L17: =IFERROR(COUNTIFS(Log!$I$6:$I$125,"Done",Log!$M$6:$M$125,"Y",Log!$C$6:$C$125,"C-36")/L$6,"") | M17: =IFERROR(MAX(0,(L17+$B$3^2/(2*L$6))/(1+$B$3^2/L$6)-($B$3*SQRT(L17*(1-L17)/L$6+$B$3^2/(4*L$6^2)))/(1+$B$3^2/L$6)),"") | N17: =IFERROR(MIN(1,(L17+$B$3^2/(2*L$6))/(1+$B$3^2/L$6)+($B$3*SQRT(L17*(1-L17)/L$6+$B$3^2/(4*L$6^2)))/(1+$B$3^2/L$6)),"")
A18: Apollo ∪ web DM [Clay-style waterfall] | B18: DM found in Apollo or on website / Google profile | C18: =IFERROR(SUMIFS(Log!$W$6:$W$125,Log!$V$6:$V$125,1)/C$6,"") | D18: =IFERROR(MAX(0,(C18+$B$3^2/(2*C$6))/(1+$B$3^2/C$6)-($B$3*SQRT(C18*(1-C18)/C$6+$B$3^2/(4*C$6^2)))/(1+$B$3^2/C$6)),"") | E18: =IFERROR(MIN(1,(C18+$B$3^2/(2*C$6))/(1+$B$3^2/C$6)+($B$3*SQRT(C18*(1-C18)/C$6+$B$3^2/(4*C$6^2)))/(1+$B$3^2/C$6)),"") | F18: =IFERROR(SUMIFS(Log!$W$6:$W$125,Log!$V$6:$V$125,1,Log!$C$6:$C$125,"C-10")/F$6,"") | G18: =IFERROR(MAX(0,(F18+$B$3^2/(2*F$6))/(1+$B$3^2/F$6)-($B$3*SQRT(F18*(1-F18)/F$6+$B$3^2/(4*F$6^2)))/(1+$B$3^2/F$6)),"") | H18: =IFERROR(MIN(1,(F18+$B$3^2/(2*F$6))/(1+$B$3^2/F$6)+($B$3*SQRT(F18*(1-F18)/F$6+$B$3^2/(4*F$6^2)))/(1+$B$3^2/F$6)),"") | I18: =IFERROR(SUMIFS(Log!$W$6:$W$125,Log!$V$6:$V$125,1,Log!$C$6:$C$125,"C-20")/I$6,"") | J18: =IFERROR(MAX(0,(I18+$B$3^2/(2*I$6))/(1+$B$3^2/I$6)-($B$3*SQRT(I18*(1-I18)/I$6+$B$3^2/(4*I$6^2)))/(1+$B$3^2/I$6)),"") | K18: =IFERROR(MIN(1,(I18+$B$3^2/(2*I$6))/(1+$B$3^2/I$6)+($B$3*SQRT(I18*(1-I18)/I$6+$B$3^2/(4*I$6^2)))/(1+$B$3^2/I$6)),"") | L18: =IFERROR(SUMIFS(Log!$W$6:$W$125,Log!$V$6:$V$125,1,Log!$C$6:$C$125,"C-36")/L$6,"") | M18: =IFERROR(MAX(0,(L18+$B$3^2/(2*L$6))/(1+$B$3^2/L$6)-($B$3*SQRT(L18*(1-L18)/L$6+$B$3^2/(4*L$6^2)))/(1+$B$3^2/L$6)),"") | N18: =IFERROR(MIN(1,(L18+$B$3^2/(2*L$6))/(1+$B$3^2/L$6)+($B$3*SQRT(L18*(1-L18)/L$6+$B$3^2/(4*L$6^2)))/(1+$B$3^2/L$6)),"")
A19: Apollo ∪ web ∪ registry DM [upper bound] | B19: Adds CSLB person of record | C19: =IFERROR(SUMIFS(Log!$X$6:$X$125,Log!$V$6:$V$125,1)/C$6,"") | D19: =IFERROR(MAX(0,(C19+$B$3^2/(2*C$6))/(1+$B$3^2/C$6)-($B$3*SQRT(C19*(1-C19)/C$6+$B$3^2/(4*C$6^2)))/(1+$B$3^2/C$6)),"") | E19: =IFERROR(MIN(1,(C19+$B$3^2/(2*C$6))/(1+$B$3^2/C$6)+($B$3*SQRT(C19*(1-C19)/C$6+$B$3^2/(4*C$6^2)))/(1+$B$3^2/C$6)),"") | F19: =IFERROR(SUMIFS(Log!$X$6:$X$125,Log!$V$6:$V$125,1,Log!$C$6:$C$125,"C-10")/F$6,"") | G19: =IFERROR(MAX(0,(F19+$B$3^2/(2*F$6))/(1+$B$3^2/F$6)-($B$3*SQRT(F19*(1-F19)/F$6+$B$3^2/(4*F$6^2)))/(1+$B$3^2/F$6)),"") | H19: =IFERROR(MIN(1,(F19+$B$3^2/(2*F$6))/(1+$B$3^2/F$6)+($B$3*SQRT(F19*(1-F19)/F$6+$B$3^2/(4*F$6^2)))/(1+$B$3^2/F$6)),"") | I19: =IFERROR(SUMIFS(Log!$X$6:$X$125,Log!$V$6:$V$125,1,Log!$C$6:$C$125,"C-20")/I$6,"") | J19: =IFERROR(MAX(0,(I19+$B$3^2/(2*I$6))/(1+$B$3^2/I$6)-($B$3*SQRT(I19*(1-I19)/I$6+$B$3^2/(4*I$6^2)))/(1+$B$3^2/I$6)),"") | K19: =IFERROR(MIN(1,(I19+$B$3^2/(2*I$6))/(1+$B$3^2/I$6)+($B$3*SQRT(I19*(1-I19)/I$6+$B$3^2/(4*I$6^2)))/(1+$B$3^2/I$6)),"") | L19: =IFERROR(SUMIFS(Log!$X$6:$X$125,Log!$V$6:$V$125,1,Log!$C$6:$C$125,"C-36")/L$6,"") | M19: =IFERROR(MAX(0,(L19+$B$3^2/(2*L$6))/(1+$B$3^2/L$6)-($B$3*SQRT(L19*(1-L19)/L$6+$B$3^2/(4*L$6^2)))/(1+$B$3^2/L$6)),"") | N19: =IFERROR(MIN(1,(L19+$B$3^2/(2*L$6))/(1+$B$3^2/L$6)+($B$3*SQRT(L19*(1-L19)/L$6+$B$3^2/(4*L$6^2)))/(1+$B$3^2/L$6)),"")
A20: Apollo ∪ LinkedIn DM | B20: Best of the two LinkedIn-derived sources | C20: =IFERROR(SUMIFS(Log!$Y$6:$Y$125,Log!$V$6:$V$125,1)/C$6,"") | D20: =IFERROR(MAX(0,(C20+$B$3^2/(2*C$6))/(1+$B$3^2/C$6)-($B$3*SQRT(C20*(1-C20)/C$6+$B$3^2/(4*C$6^2)))/(1+$B$3^2/C$6)),"") | E20: =IFERROR(MIN(1,(C20+$B$3^2/(2*C$6))/(1+$B$3^2/C$6)+($B$3*SQRT(C20*(1-C20)/C$6+$B$3^2/(4*C$6^2)))/(1+$B$3^2/C$6)),"") | F20: =IFERROR(SUMIFS(Log!$Y$6:$Y$125,Log!$V$6:$V$125,1,Log!$C$6:$C$125,"C-10")/F$6,"") | G20: =IFERROR(MAX(0,(F20+$B$3^2/(2*F$6))/(1+$B$3^2/F$6)-($B$3*SQRT(F20*(1-F20)/F$6+$B$3^2/(4*F$6^2)))/(1+$B$3^2/F$6)),"") | H20: =IFERROR(MIN(1,(F20+$B$3^2/(2*F$6))/(1+$B$3^2/F$6)+($B$3*SQRT(F20*(1-F20)/F$6+$B$3^2/(4*F$6^2)))/(1+$B$3^2/F$6)),"") | I20: =IFERROR(SUMIFS(Log!$Y$6:$Y$125,Log!$V$6:$V$125,1,Log!$C$6:$C$125,"C-20")/I$6,"") | J20: =IFERROR(MAX(0,(I20+$B$3^2/(2*I$6))/(1+$B$3^2/I$6)-($B$3*SQRT(I20*(1-I20)/I$6+$B$3^2/(4*I$6^2)))/(1+$B$3^2/I$6)),"") | K20: =IFERROR(MIN(1,(I20+$B$3^2/(2*I$6))/(1+$B$3^2/I$6)+($B$3*SQRT(I20*(1-I20)/I$6+$B$3^2/(4*I$6^2)))/(1+$B$3^2/I$6)),"") | L20: =IFERROR(SUMIFS(Log!$Y$6:$Y$125,Log!$V$6:$V$125,1,Log!$C$6:$C$125,"C-36")/L$6,"") | M20: =IFERROR(MAX(0,(L20+$B$3^2/(2*L$6))/(1+$B$3^2/L$6)-($B$3*SQRT(L20*(1-L20)/L$6+$B$3^2/(4*L$6^2)))/(1+$B$3^2/L$6)),"") | N20: =IFERROR(MIN(1,(L20+$B$3^2/(2*L$6))/(1+$B$3^2/L$6)+($B$3*SQRT(L20*(1-L20)/L$6+$B$3^2/(4*L$6^2)))/(1+$B$3^2/L$6)),"")
A22: Decision metrics (All strata)
A23: Uplift: (Apollo ∪ web) ÷ Apollo [T1 analogue] | B23: Point estimate. Sprint threshold T1 ≥ 1.5×. | C23: =IFERROR(C18/C10,"")
A24: Conservative uplift | B24: Lower bound of union ÷ upper bound of Apollo (both Wilson 95%). | C24: =IFERROR(D18/E10,"")
A25: Upper-bound uplift (with registry) | B25: Includes the CSLB person of record; reported, not used for the verdict. | C25: =IFERROR(C19/C10,"")
A26: Measured LinkedIn DM coverage − proxy | B26: Positive = the 05 proxy understated LinkedIn coverage. | C26: =IFERROR(C13-$F$3,"")
A27: Supported threshold (uplift) | B27: Pre-registered; change only before data collection. | C27: 1.5
A28: Partial threshold (uplift) | B28: Pre-registered. | C28: 1.2
A29: Apollo DM coverage, firms with a website | B29: Rough size proxy: CSLB has no employee counts; firms with a website skew larger. | C29: =IFERROR(COUNTIFS(Log!$I$6:$I$125,"Done",Log!$J$6:$J$125,"Y",Log!$P$6:$P$125,"Y")/COUNTIFS(Log!$I$6:$I$125,"Done",Log!$J$6:$J$125,"Y"),"")
A30: Apollo DM coverage, sole owners | B30: CSLB business type; sole proprietors are mostly very small firms. | C30: =IFERROR(COUNTIFS(Log!$I$6:$I$125,"Done",Log!$Z$6:$Z$125,"Sole Owner",Log!$P$6:$P$125,"Y")/COUNTIFS(Log!$I$6:$I$125,"Done",Log!$Z$6:$Z$125,"Sole Owner"),"")
A31: Apollo DM coverage, corporations / LLCs / partnerships | B31: Closer to distributors' mid-market contractor customers; the better size proxy. | C31: =IFERROR((COUNTIFS(Log!$I$6:$I$125,"Done",Log!$P$6:$P$125,"Y")-COUNTIFS(Log!$I$6:$I$125,"Done",Log!$Z$6:$Z$125,"Sole Owner",Log!$P$6:$P$125,"Y"))/(COUNTIFS(Log!$I$6:$I$125,"Done")-COUNTIFS(Log!$I$6:$I$125,"Done",Log!$Z$6:$Z$125,"Sole Owner")),"")
A32: Apollo DM coverage, firms without a website | B32: Mostly sole proprietors and very small firms. | C32: =IFERROR(COUNTIFS(Log!$I$6:$I$125,"Done",Log!$J$6:$J$125,"N",Log!$P$6:$P$125,"Y")/COUNTIFS(Log!$I$6:$I$125,"Done",Log!$J$6:$J$125,"N"),"")
A34: Pre-registered verdict on H3 / coverage claim | B34: =IF(C6<$I$3,"Insufficient sample: n = "&C6&" (need ≥ "&$I$3&")",IF(AND(C23>=C27,C24>=C27),"SUPPORTED (robust): measured uplift clears 1.5× even at the conservative bound — keep coverage-led positioning, cite the measured rate",IF(C23>=C27,"SUPPORTED (point estimate only): uplift ≥ 1.5× but the conservative bound is below — claim a measured gap, flag the interval",IF(C23>=C28,"PARTIAL: uplift 1.2–1.5× — soften to 'adds coverage on a material share of contractors'; T1 must still be run at scale","NOT SUPPORTED: uplift < 1.2× — withdraw coverage-led positioning (roadmap R4); H3 becomes 'not supported'"))))
A36: Reading | B36: With n = 100 the 95% interval on a share near 50% is about ±10 points; by stratum (n ≈ 33) about ±16 points. Treat stratum differences as directional. The sample is California only and contractors only (customers of 4236/4237); plant buyers of 4238 MRO distributors are not covered.

Sheet Recheck
A1: Re-check — 15 random Done rows, re-recorded on a different day without looking at the first entry
A2: Agreement below 85% on any field means the definition is ambiguous: tighten it in Definitions and re-run that field on all rows.
A4: ID | B4: Apollo DM listed (re-check) | C4: Web DM identifiable (re-check) | D4: LinkedIn DM profile (re-check) | E4: Apollo match | F4: Web match | G4: LinkedIn match
E5: =IF(OR(A5="",B5=""),"",IF(INDEX(Log!$P$6:$P$125,MATCH(A5,Log!$A$6:$A$125,0))=B5,1,0)) | F5: =IF(OR(A5="",C5=""),"",IF(INDEX(Log!$L$6:$L$125,MATCH(A5,Log!$A$6:$A$125,0))=C5,1,0)) | G5: =IF(OR(A5="",D5=""),"",IF(INDEX(Log!$S$6:$S$125,MATCH(A5,Log!$A$6:$A$125,0))=D5,1,0))
E6: =IF(OR(A6="",B6=""),"",IF(INDEX(Log!$P$6:$P$125,MATCH(A6,Log!$A$6:$A$125,0))=B6,1,0)) | F6: =IF(OR(A6="",C6=""),"",IF(INDEX(Log!$L$6:$L$125,MATCH(A6,Log!$A$6:$A$125,0))=C6,1,0)) | G6: =IF(OR(A6="",D6=""),"",IF(INDEX(Log!$S$6:$S$125,MATCH(A6,Log!$A$6:$A$125,0))=D6,1,0))
E7: =IF(OR(A7="",B7=""),"",IF(INDEX(Log!$P$6:$P$125,MATCH(A7,Log!$A$6:$A$125,0))=B7,1,0)) | F7: =IF(OR(A7="",C7=""),"",IF(INDEX(Log!$L$6:$L$125,MATCH(A7,Log!$A$6:$A$125,0))=C7,1,0)) | G7: =IF(OR(A7="",D7=""),"",IF(INDEX(Log!$S$6:$S$125,MATCH(A7,Log!$A$6:$A$125,0))=D7,1,0))
E8: =IF(OR(A8="",B8=""),"",IF(INDEX(Log!$P$6:$P$125,MATCH(A8,Log!$A$6:$A$125,0))=B8,1,0)) | F8: =IF(OR(A8="",C8=""),"",IF(INDEX(Log!$L$6:$L$125,MATCH(A8,Log!$A$6:$A$125,0))=C8,1,0)) | G8: =IF(OR(A8="",D8=""),"",IF(INDEX(Log!$S$6:$S$125,MATCH(A8,Log!$A$6:$A$125,0))=D8,1,0))
E9: =IF(OR(A9="",B9=""),"",IF(INDEX(Log!$P$6:$P$125,MATCH(A9,Log!$A$6:$A$125,0))=B9,1,0)) | F9: =IF(OR(A9="",C9=""),"",IF(INDEX(Log!$L$6:$L$125,MATCH(A9,Log!$A$6:$A$125,0))=C9,1,0)) | G9: =IF(OR(A9="",D9=""),"",IF(INDEX(Log!$S$6:$S$125,MATCH(A9,Log!$A$6:$A$125,0))=D9,1,0))
E10: =IF(OR(A10="",B10=""),"",IF(INDEX(Log!$P$6:$P$125,MATCH(A10,Log!$A$6:$A$125,0))=B10,1,0)) | F10: =IF(OR(A10="",C10=""),"",IF(INDEX(Log!$L$6:$L$125,MATCH(A10,Log!$A$6:$A$125,0))=C10,1,0)) | G10: =IF(OR(A10="",D10=""),"",IF(INDEX(Log!$S$6:$S$125,MATCH(A10,Log!$A$6:$A$125,0))=D10,1,0))
E11: =IF(OR(A11="",B11=""),"",IF(INDEX(Log!$P$6:$P$125,MATCH(A11,Log!$A$6:$A$125,0))=B11,1,0)) | F11: =IF(OR(A11="",C11=""),"",IF(INDEX(Log!$L$6:$L$125,MATCH(A11,Log!$A$6:$A$125,0))=C11,1,0)) | G11: =IF(OR(A11="",D11=""),"",IF(INDEX(Log!$S$6:$S$125,MATCH(A11,Log!$A$6:$A$125,0))=D11,1,0))
E12: =IF(OR(A12="",B12=""),"",IF(INDEX(Log!$P$6:$P$125,MATCH(A12,Log!$A$6:$A$125,0))=B12,1,0)) | F12: =IF(OR(A12="",C12=""),"",IF(INDEX(Log!$L$6:$L$125,MATCH(A12,Log!$A$6:$A$125,0))=C12,1,0)) | G12: =IF(OR(A12="",D12=""),"",IF(INDEX(Log!$S$6:$S$125,MATCH(A12,Log!$A$6:$A$125,0))=D12,1,0))
E13: =IF(OR(A13="",B13=""),"",IF(INDEX(Log!$P$6:$P$125,MATCH(A13,Log!$A$6:$A$125,0))=B13,1,0)) | F13: =IF(OR(A13="",C13=""),"",IF(INDEX(Log!$L$6:$L$125,MATCH(A13,Log!$A$6:$A$125,0))=C13,1,0)) | G13: =IF(OR(A13="",D13=""),"",IF(INDEX(Log!$S$6:$S$125,MATCH(A13,Log!$A$6:$A$125,0))=D13,1,0))
E14: =IF(OR(A14="",B14=""),"",IF(INDEX(Log!$P$6:$P$125,MATCH(A14,Log!$A$6:$A$125,0))=B14,1,0)) | F14: =IF(OR(A14="",C14=""),"",IF(INDEX(Log!$L$6:$L$125,MATCH(A14,Log!$A$6:$A$125,0))=C14,1,0)) | G14: =IF(OR(A14="",D14=""),"",IF(INDEX(Log!$S$6:$S$125,MATCH(A14,Log!$A$6:$A$125,0))=D14,1,0))
E15: =IF(OR(A15="",B15=""),"",IF(INDEX(Log!$P$6:$P$125,MATCH(A15,Log!$A$6:$A$125,0))=B15,1,0)) | F15: =IF(OR(A15="",C15=""),"",IF(INDEX(Log!$L$6:$L$125,MATCH(A15,Log!$A$6:$A$125,0))=C15,1,0)) | G15: =IF(OR(A15="",D15=""),"",IF(INDEX(Log!$S$6:$S$125,MATCH(A15,Log!$A$6:$A$125,0))=D15,1,0))
E16: =IF(OR(A16="",B16=""),"",IF(INDEX(Log!$P$6:$P$125,MATCH(A16,Log!$A$6:$A$125,0))=B16,1,0)) | F16: =IF(OR(A16="",C16=""),"",IF(INDEX(Log!$L$6:$L$125,MATCH(A16,Log!$A$6:$A$125,0))=C16,1,0)) | G16: =IF(OR(A16="",D16=""),"",IF(INDEX(Log!$S$6:$S$125,MATCH(A16,Log!$A$6:$A$125,0))=D16,1,0))
... E19: =IF(OR(A19="",B19=""),"",IF(INDEX(Log!$P$6:$P$125,MATCH(A19,Log!$A$6:$A$125,0))=B19,1,0)) | F19: =IF(OR(A19="",C19=""),"",IF(INDEX(Log!$L$6:$L$125,MATCH(A19,Log!$A$6:$A$125,0))=C19,1,0)) | G19: =IF(OR(A19="",D19=""),"",IF(INDEX(Log!$S$6:$S$125,MATCH(A19,Log!$A$6:$A$125,0))=D19,1,0))
A21: Agreement | E21: =IFERROR(AVERAGE(E5:E19),"") | F21: =IFERROR(AVERAGE(F5:F19),"") | G21: =IFERROR(AVERAGE(G5:G19),"")

Sheet Definitions
A1: Definitions — frozen after the 10-firm pilot (record any change below with date and reason)
A2: Full procedure: appendix/Coverage_Test_Protocol.md
A4: Field | B4: Definition | C4: Where to look
A5: Decision-maker (DM) title | B5: Owner, founder, president, CEO, principal, partner, vice president, general manager, operations manager, purchasing / procurement manager, estimator / chief estimator, project manager. Not: technicians, apprentices, office staff without a buying role. | C5: —
A6: Website found | B6: The firm's own site (not a directory listing), matched on name and city or license number. | C6: Google: "<business name>" <city>
A7: Google Business Profile | B7: A Maps / Business Profile for the firm at the registry city. | C7: Google Maps
A8: Web DM identifiable | B8: A DM's name and role appear on the firm's website or Google profile (about / team / owner reply). | C8: Website, Google profile
A9: Registry person of record | B9: CSLB license detail lists a qualifier (RMO/RME), officer or owner. | C9: CSLB Instant License Check
A10: Apollo company record | B10: An Apollo organization matches the firm on name and city / domain. | C10: Apollo free account, Companies search
A11: Apollo contacts listed | B11: Count of people Apollo shows at that organization (any title). | C11: Apollo company page → People
A12: Apollo DM listed | B12: At least one listed person has a DM title (above). Do not reveal emails or phones. | C12: Apollo company page → People
A13: Apollo DM email shown available | B13: Apollo's interface indicates an email exists for a listed DM without revealing it; 'Can't tell' if the interface does not show it. | C13: Apollo
A14: LinkedIn company page | B14: A company page matching name and location. | C14: LinkedIn search or Google site:linkedin.com/company
A15: LinkedIn DM profile | B15: At least one profile lists the firm as current employer with a DM title. | C15: LinkedIn people search or Google site:linkedin.com/in
A16: Done / Skipped | B16: Done = all fields checked. Skipped - out of business = phone disconnected and no web presence, or marked closed. Skipped - cannot identify = name too generic to match after 5 minutes. | C16: —
A18: Definition changes (pilot only)
A19: Date | B19: Change | C19: Reason
